{"cameraMode":{"drawMode":0,"name":"Shaded","section":"Shading Mode"},"sceneLighting":false,"audioPlay":false,"sceneViewState":{"m_AlwaysRefresh":false,"showFog":true,"showSkybox":false,"showFlares":true,"showImageEffects":true,"showParticleSystems":true,"showVisualEffectGraphs":true,"m_FxEnabled":true},"in2DMode":false,"pivot":{"x":297.906005859375,"y":240.08755493164063,"z":-10.779953002929688},"rotation":{"x":0.014727522619068623,"y":0.956608235836029,"z":-0.28682905435562136,"w":0.049117930233478549},"size":1.0234051942825318,"orthographic":false}