{"cameraMode":{"drawMode":0,"name":"Shaded","section":"Shading Mode"},"sceneLighting":false,"audioPlay":false,"sceneViewState":{"m_AlwaysRefresh":false,"showFog":true,"showSkybox":false,"showFlares":true,"showImageEffects":true,"showParticleSystems":true,"showVisualEffectGraphs":true,"m_FxEnabled":true},"in2DMode":false,"pivot":{"x":18.031570434570314,"y":1.309999704360962,"z":-9.585634231567383},"rotation":{"x":0.014727522619068623,"y":0.956608235836029,"z":-0.28682905435562136,"w":0.049117930233478549},"size":12.12435531616211,"orthographic":false}