{"cameraMode":{"drawMode":0,"name":"Shaded","section":"Shading Mode"},"sceneLighting":false,"audioPlay":false,"sceneViewState":{"m_AlwaysRefresh":false,"showFog":true,"showSkybox":false,"showFlares":true,"showImageEffects":true,"showParticleSystems":true,"showVisualEffectGraphs":true,"m_FxEnabled":true},"in2DMode":false,"pivot":{"x":7.210075855255127,"y":14.040864944458008,"z":-7.937244892120361},"rotation":{"x":0.014727522619068623,"y":0.956608235836029,"z":-0.28682905435562136,"w":0.049117930233478549},"size":7.218102931976318,"orthographic":false}